broadcast_sequence,air_date,event_type,broadcast_status,episode_number,repeat_of_episode,title,description,original_author,adapted_by,feature_type,source_work_title,broadcast_note,description_source,dated_sources,date_sources,review_flag
1,1955-04-22,broadcast,audition,1,,And The Moon Be Still As Bright,Human settlers show contempt for the vanished Martians and their relics until one man decides to defend the dead,Ray Bradbury,Ernest Kinoy,single,And The Moon Be Still As Bright,,plotspot,"wikipedia, otr",comprehensive_by_date;master_episode_list_rebuilt;reconciled_report,False
2,1955-04-24,broadcast,original,2,,No Contact,A sixth expedition attempts to cross an invisible barrier in deep space after five earlier missions vanish without transmitting any signal.,George Lefferts; Ernest Kinoy,,single,,,plotspot,"master40, scifimike, wikipedia, otr",comprehensive_by_date;master_episode_list_rebuilt;reconciled_report,False
3,1955-05-01,broadcast,original,3,,The Parade,An advertising agency is hired by a man claiming to be from Mars to promote a parade announcing the Martians arrival on Earth.,George Lefferts,,single,,,plotspot,"master40, scifimike, wikipedia, otr",comprehensive_by_date;master_episode_list_rebuilt;reconciled_report,False
4,1955-05-08,broadcast,original,4,,Mars is Heaven,Astronauts landing on Mars find what appears to be a familiar Midwestern town populated by loved ones they believed were dead.,Ray Bradbury,Ernest Kinoy,single,Mars Is Heaven!,,plotspot,"master40, scifimike, wikipedia, genericradio, otr",comprehensive_by_date;master_episode_list_rebuilt;reconciled_report,False
5,1955-05-15,broadcast,original,5,,Universe,Descendants aboard a generation ship are divided between lower-deck humans and upper-deck mutants until one man challenges the beliefs sustaining their society.,Robert A. Heinlein,George Lefferts,single,Universe,,plotspot,"master40, scifimike, wikipedia, genericradio, otr",comprehensive_by_date;master_episode_list_rebuilt;reconciled_report,False
6,1955-05-22,broadcast,original,6,,Knock,"After aliens wipe out nearly all humanity, the last surviving man and woman are kept as curiosities by beings that do not understand natural death.",Fredric Brown,Ernest Kinoy,single,Knock,,plotspot,"master40, scifimike, wikipedia, genericradio, otr",comprehensive_by_date;master_episode_list_rebuilt;reconciled_report,False
7,1955-05-29,broadcast,original,7,,The Man in the Moon,A missing-persons investigator begins to suspect that a seemingly absurd radio call from the Moon is connected to unexplained disappearances.,George Lefferts,,single,,,plotspot,"master40, scifimike, wikipedia, otr",comprehensive_by_date;master_episode_list_rebuilt;reconciled_report,False
8,1955-06-05,broadcast,original,8,,Perigi's Wonderful Dolls,A mother buys an unusually responsive doll and begins to wonder whether its behavior is merely technological or something more disturbing.,George Lefferts,,single,,,plotspot,"master40, scifimike, wikipedia, genericradio, otr",comprehensive_by_date;master_episode_list_rebuilt;reconciled_report,True
,1955-06-12,interruption,Hiatus,,,,,,,,,No X Minus One broadcast in regular chronology; part of break after Jun 5 before Jul 7 return.,,,master_episode_list_rebuilt:Schedule Interruptions,False
,1955-06-19,interruption,Hiatus,,,,,,,,,No X Minus One broadcast in regular chronology; part of break after Jun 5 before Jul 7 return.,,,master_episode_list_rebuilt:Schedule Interruptions,False
,1955-06-26,interruption,Hiatus,,,,,,,,,No X Minus One broadcast in regular chronology; part of break after Jun 5 before Jul 7 return.,,,master_episode_list_rebuilt:Schedule Interruptions,False
,1955-07-03,interruption,Hiatus,,,,,,,,,No X Minus One broadcast in regular chronology; series returned Thu Jul 7.,,,master_episode_list_rebuilt:Schedule Interruptions,False
9,1955-07-07,broadcast,original,9,,The Green Hills of Earth,A space engineer blinded in an accident wanders the solar system as a singer while longing to return to Earth before he dies.,Robert A. Heinlein,Ernest Kinoy,single,Green Hills of Earth [The],,plotspot,"master40, scifimike, wikipedia, otr",comprehensive_by_date;master_episode_list_rebuilt;reconciled_report,False
10,1955-07-14,broadcast,original,10,,Dr. Grimshaw's Sanitorium,A private investigator infiltrates an asylum and uncovers bizarre physical transformations among its patients.,Fletcher Pratt,George Lefferts,single,Dr. Grimshaw's Sanitarium,,plotspot,"master40, scifimike, wikipedia, otr",comprehensive_by_date;master_episode_list_rebuilt;reconciled_report,True
11,1955-07-21,broadcast,original,11,,Nightmare,A man becomes convinced that machines everywhere are preparing a coordinated revolt against humanity.,Stephen Vincent Benét,George Lefferts,single,Revolt of the Machines [The],,plotspot,"master40, scifimike, wikipedia, otr",comprehensive_by_date;master_episode_list_rebuilt;reconciled_report,False
12,1955-07-28,broadcast,original,12,,The Embassy,A detective agency investigates a client’s claim that Martians are secretly operating on Earth in preparation for an invasion.,Donald A. Wollheim,George Lefferts,single,Embassy [The],,plotspot,"master40, scifimike, wikipedia, otr",comprehensive_by_date;master_episode_list_rebuilt;reconciled_report,False
13,1955-08-04,broadcast,original,13,,The Veldt,A family’s immersive nursery recreates an African savannah so convincingly that the parents begin to fear their children’s fantasy world.,Ray Bradbury,Ernest Kinoy,single,Veldt [The],,plotspot,"master40, scifimike, wikipedia, genericradio, otr",comprehensive_by_date;master_episode_list_rebuilt;reconciled_report,False
14,1955-08-11,broadcast,original,14,,Almost Human,"A conscious robot is stolen by a criminal, but the machine develops intentions of its own.",Robert Bloch,George Lefferts,single,Almost Human,,plotspot,"master40, scifimike, wikipedia, otr",comprehensive_by_date;master_episode_list_rebuilt;reconciled_report,False
15,1955-08-18,broadcast,original,15,,Courtesy,An expedition faces a deadly plague on the planet Landro and must learn why the native inhabitants are naturally immune.,Clifford D. Simak,George Lefferts,single,Courtesy,,plotspot,"master40, scifimike, wikipedia, otr",comprehensive_by_date;master_episode_list_rebuilt;reconciled_report,False
16,1955-08-25,broadcast,original,16,,Cold Equations,An emergency space pilot discovers a stowaway whose extra weight makes a safe landing mathematically impossible.,Tom Godwin,George Lefferts,single,Cold Equations [The],,plotspot,"master40, scifimike, wikipedia, genericradio, otr",comprehensive_by_date;master_episode_list_rebuilt;reconciled_report,True
17,1955-09-01,broadcast,original,17,,Shanghaied,A man is drugged at his own stag party and forced into service aboard a deep-space freighter bound on a fifteen-year voyage.,Ernest Kinoy,,single,,,plotspot,"master40, scifimike, wikipedia, otr",comprehensive_by_date;master_episode_list_rebuilt;reconciled_report,False
18,1955-09-08,broadcast,original,18,,The Martian Death March,The surviving native Martians flee a reservation and trek toward their ancestral mountains under the leadership of a human religious fanatic.,Ernest Kinoy,,single,,,plotspot,"master40, scifimike, wikipedia, otr",comprehensive_by_date;master_episode_list_rebuilt;reconciled_report,False
19,1955-09-15,broadcast,original,19,,The Castaways,A nuclear test on a Pacific island is threatened when the islanders refuse relocation and vow collective suicide to curse the project.,Ernest Kinoy,,single,,,plotspot,"master40, scifimike, wikipedia, otr",comprehensive_by_date;master_episode_list_rebuilt;reconciled_report,False
20,1955-09-22,broadcast,repeat,,1,And The Moon Be Still As Bright,Human settlers show contempt for the vanished Martians and their relics until one man decides to defend the dead,Ray Bradbury,Ernest Kinoy,single,And The Moon Be Still As Bright,Repeat of 1,plotspot,"master40, scifimike, wikipedia, otr",comprehensive_by_date;master_episode_list_rebuilt;reconciled_report,False
,1955-09-29,interruption,Preemption,,,,,,,,,No episode in the reconciled chronology; collector indexes identify a preemption.,,,master_episode_list_rebuilt:Schedule Interruptions,False
21,1955-10-06,broadcast,original,20,,First Contact,"Human and alien starships meet for the first time, but mutual distrust prevents either crew from revealing the route to its home civilization.",Murray Leinster,Howard Rodman,single,First Contact,.,plotspot,"master40, scifimike, wikipedia, genericradio, otr",comprehensive_by_date;master_episode_list_rebuilt;reconciled_report,False
,1955-10-13,interruption,Preemption / special programming,,,,,,,,,No episode in reconciled chronology; reported as preempted for special programming.,,,master_episode_list_rebuilt:Schedule Interruptions,False
22,1955-10-20,broadcast,original,21,,Child's Play,A mild-mannered lawyer accidentally receives a cloning device from the future and uses it to create a more capable duplicate of himself.,William Tenn,George Lefferts,single,Child's Play,,plotspot,"master40, scifimike, wikipedia",comprehensive_by_date;master_episode_list_rebuilt;reconciled_report,False
23,1955-10-27,broadcast,original,22,,Requiem,Two grounded astronauts help an aging tycoon pursue his lifelong dream of reaching the Moon.,Robert A. Heinlein,Ernest Kinoy,single,Requiem,,plotspot,"master40, scifimike, wikipedia, otr",comprehensive_by_date;master_episode_list_rebuilt;reconciled_report,False
24,1955-11-03,broadcast,original,23,,"Hello, Tomorrow","In an underground postwar society, scarce resources drive harsh genetic policies that collide with a geneticist’s personal loyalties.",George Lefferts,,single,,,plotspot,"master40, scifimike, wikipedia, otr",comprehensive_by_date;master_episode_list_rebuilt;reconciled_report,False
25,1955-11-10,broadcast,original,24,,Dwellers in Silence,Martian colonists return to a post-atomic Earth and encounter an isolated family with disturbing peculiarities.,Ray Bradbury,George Lefferts,single,Long Years [The],,plotspot,"master40, scifimike, wikipedia, otr",comprehensive_by_date;master_episode_list_rebuilt;reconciled_report,True
26,1955-11-16,broadcast,original,25,,The Outer Limit,"A test pilot disappears from radar for ten hours despite carrying only minutes of fuel, then returns with an extraordinary explanation.",Graham Doar,Ernest Kinoy,single,Outer Limit [The],,plotspot,"master40, scifimike, wikipedia, otr",comprehensive_by_date;master_episode_list_rebuilt;reconciled_report,False
27,1955-11-23,broadcast,original,26,,Zero Hour,Children across the country play a game called Invasion and eagerly await a five-o’clock Zero Hour that may be more than make-believe.,Ray Bradbury,George Lefferts,single,Zero Hour,,plotspot,"master40, scifimike, wikipedia",comprehensive_by_date;master_episode_list_rebuilt;reconciled_report,False
28,1955-11-30,broadcast,original,27,,The Vital Factor,An industrial magnate pursuing spaceflight meets a man who claims to have solved propulsion but demands a severe price for the breakthrough.,Nelson Bond,Howard Rodman,single,Vital Factor [The],,plotspot,"master40, scifimike, wikipedia, otr",comprehensive_by_date;master_episode_list_rebuilt;reconciled_report,False
29,1955-12-07,broadcast,original,28,,Nightfall,A civilization on a world illuminated by multiple suns faces social collapse when true darkness arrives for the first time in millennia.,Isaac Asimov,Ernest Kinoy,single,Nightfall,,plotspot,"master40, scifimike, wikipedia, genericradio, otr",comprehensive_by_date;master_episode_list_rebuilt;reconciled_report,False
30,1955-12-14,broadcast,original,29,,To the Future,"A couple escapes a totalitarian future for twentieth-century Acapulco, but agents from their own time pursue them to bring them back.",Ray Bradbury,Ernest Kinoy,single,Fox and the Forest [The],,plotspot,"master40, scifimike, wikipedia, otr",comprehensive_by_date;master_episode_list_rebuilt;reconciled_report,False
31,1955-12-21,broadcast,original,30,,"Marionettes, Inc.",A husband buys a robotic duplicate to impersonate him while he takes a vacation from his marriage.,Ray Bradbury,George Lefferts,single,"Marionettes, Inc.",,plotspot,"master40, scifimike, wikipedia, genericradio, otr",comprehensive_by_date;master_episode_list_rebuilt;reconciled_report,False
32,1955-12-28,broadcast,original,31,,A Logic Named Joe,A household computer begins answering questions that society is safer leaving unanswered.,Murray Leinster,Claris A. Ross,single,Logic Named Joe [A],,plotspot,"master40, scifimike, wikipedia, otr",comprehensive_by_date;master_episode_list_rebuilt;reconciled_report,False
33,1956-01-04,broadcast,original,32,,The Roads Must Roll,A future dependent on moving roadways is threatened when the engineers who maintain the system use a strike to seek political power.,Robert A. Heinlein,Ernest Kinoy,single,Roads Must Roll [The],,plotspot,"master40, scifimike, wikipedia, otr",comprehensive_by_date;master_episode_list_rebuilt;reconciled_report,False
34,1956-01-11,broadcast,original,33,,Time and Time Again,A soldier dying in a future war abruptly finds himself transported back into his own childhood.,H. Beam Piper,Ernest Kinoy,single,Time and Time Again,,plotspot,"master40, scifimike, wikipedia, otr",comprehensive_by_date;master_episode_list_rebuilt;reconciled_report,False
35,1956-01-18,broadcast,repeat,,8,Perigi's Wonderful Dolls,A mother buys an unusually responsive doll and begins to wonder whether its behavior is merely technological or something more disturbing.,George Lefferts,,single,,Repeat of 8,plotspot,"master40, scifimike, wikipedia, otr",comprehensive_by_date;master_episode_list_rebuilt;reconciled_report,False
36,1956-01-25,broadcast,repeat,,3,The Parade,An advertising agency is hired by a man claiming to be from Mars to promote a parade announcing the Martians arrival on Earth.,George Lefferts,,single,,Repeat of 3,plotspot,"master40, scifimike, wikipedia, otr",comprehensive_by_date;master_episode_list_rebuilt;reconciled_report,False
37,1956-02-01,broadcast,original,34,,The Cave of Night,"A stranded astronaut in orbit triggers a worldwide rescue effort, but questions arise about whether he is truly in danger.",James E. Gunn,Ernest Kinoy,single,Cave of Night [The],,plotspot,"master40, scifimike, wikipedia, genericradio, otr",comprehensive_by_date;master_episode_list_rebuilt;reconciled_report,False
38,1956-02-08,broadcast,original,35,,C-Chute,Passengers aboard a merchant spacecraft are captured by enemy aliens at the outbreak of an interstellar war.,Isaac Asimov,George Lefferts,single,C-Chute [The],,master40,"master40, scifimike, wikipedia, genericradio, otr",comprehensive_by_date;master_episode_list_rebuilt;reconciled_report,True
39,1956-02-15,broadcast,original,36,,Skulking Permit,"An isolated colony tries to prove it still embodies Earth culture by creating social roles it barely understands, including a town criminal.",Robert Sheckley,Ernest Kinoy,single,Skulking Permit,,plotspot,"master40, scifimike, wikipedia, genericradio, otr",comprehensive_by_date;master_episode_list_rebuilt;reconciled_report,False
40,1956-02-22,broadcast,original,37,,Junkyard,A survey crew on a planet full of alien debris becomes trapped when its engineers suddenly forget how to operate their own ship.,Clifford D. Simak,George Lefferts,single,Junkyard,,plotspot,"master40, scifimike, wikipedia, genericradio, otr",comprehensive_by_date;master_episode_list_rebuilt;reconciled_report,False
41,1956-02-29,broadcast,repeat,,23,"Hello, Tomorrow","In an underground postwar society, scarce resources drive harsh genetic policies that collide with a geneticist’s personal loyalties.",George Lefferts,,single,,Repeat of 23,plotspot,"master40, scifimike, wikipedia, otr",comprehensive_by_date;master_episode_list_rebuilt;reconciled_report,False
42,1956-03-07,broadcast,original,38,,A Gun for Dinosaur,A time-travel safari to hunt dinosaurs becomes dangerous when an arrogant and reckless client threatens the entire expedition.,L. Sprague de Camp,Ernest Kinoy,single,Gun for Dinosaur [A],,plotspot,"scifimike, wikipedia, genericradio, otr",comprehensive_by_date;master_episode_list_rebuilt;reconciled_report,False
43,1956-03-14,broadcast,original,39,,Tunnel Under the World,One man realizes that his entire city is reliving June 15 over and over while everyone else remains unaware.,Frederik Pohl,George Lefferts,single,Tunnel Under the World,,plotspot,"scifimike, wikipedia, genericradio, otr",comprehensive_by_date;master_episode_list_rebuilt;reconciled_report,False
44,1956-03-21,broadcast,original,40,,A Thousand Dollars a Plate,Astronomers on Mars confront a casino syndicate whose nightly fireworks interfere with their observations.,Jack McKenty,Ernest Kinoy,single,"$1,000 a Plate",,plotspot,"scifimike, wikipedia, otr",comprehensive_by_date;master_episode_list_rebuilt;reconciled_report,True
45,1956-03-28,broadcast,original,41,,A Pail of Air,"After Earth is pulled away from the Sun and loses its atmosphere, a family struggles to survive in a frozen city.",Fritz Leiber,George Lefferts,single,Pail of Air [A],,plotspot,"scifimike, wikipedia, genericradio, otr",comprehensive_by_date;master_episode_list_rebuilt;reconciled_report,False
46,1956-04-03,broadcast,original,42,,How-2,A mail-order robotic dog kit turns out to be an android capable of serving its owner and reproducing itself on a massive scale.,Clifford D. Simak,William Welch,single,How-2,,plotspot,"scifimike, wikipedia, genericradio, otr",comprehensive_by_date;master_episode_list_rebuilt;reconciled_report,True
47,1956-04-10,broadcast,original,43,,"Star, Bright",Parents discover that their young daughter possesses an extraordinary intelligence and may be experimenting with unknown dimensions.,Mark Clifton,George Lefferts,single,"Star, Bright",,plotspot,"scifimike, wikipedia, otr",comprehensive_by_date;master_episode_list_rebuilt;reconciled_report,True
48,1956-04-17,broadcast,original,44,,Jaywalker,"A pregnant woman stows away on a lunar liner, forcing her pilot husband to choose between her safety and the lives of everyone aboard.",Ross Rocklynne,George Lefferts,single,Jaywalker,,plotspot,"scifimike, wikipedia, otr",comprehensive_by_date;master_episode_list_rebuilt;reconciled_report,False
49,1956-04-24,broadcast,original,45,,The Sense of Wonder,A low-status worker aboard a generation ship questions the quasi-religious beliefs that have replaced knowledge of the vessel’s true mission.,Milton Lesser,George Lefferts,single,Sense of Wonder [The],,plotspot,"scifimike, wikipedia, otr",comprehensive_by_date;master_episode_list_rebuilt;reconciled_report,False
50,1956-05-01,broadcast,original,46,,Sea Legs,A space traveler returns to an overcrowded authoritarian Earth and finds home less welcoming than he remembered.,Frank Quattrocchi,George Lefferts,single,Sea Legs,,plotspot,"scifimike, wikipedia",comprehensive_by_date;master_episode_list_rebuilt;reconciled_report,False
51,1956-05-08,broadcast,original,47,,The Seventh Order,A heavily armed robot arrives at a professor’s home claiming to be the advance agent of an alien invasion.,Jerry Sohl,George Lefferts,single,Seventh Order [The],,plotspot,"scifimike, wikipedia",comprehensive_by_date;master_episode_list_rebuilt;reconciled_report,False
52,1956-05-15,broadcast,original,48,,Hallucination Orbit,"After years alone on Pluto, an isolated station worker begins receiving visitors who may be symptoms of psychosis.",J. T. McIntosh,Ernest Kinoy,single,Hallucination Orbit,,plotspot,"scifimike, wikipedia, genericradio, otr",comprehensive_by_date;master_episode_list_rebuilt;reconciled_report,False
53,1956-05-22,broadcast,original,49,,The Defenders,Humanity shelters underground after World War III while machines supposedly continue the war on the devastated surface.,Philip K. Dick,George Lefferts,single,Defenders [The],,plotspot,"scifimike, wikipedia, genericradio, otr",comprehensive_by_date;master_episode_list_rebuilt;reconciled_report,False
54,1956-05-29,broadcast,original,50,,Lulungomeena,A dispute aboard a deep-space relay station over the beauty of a veteran’s homeworld is submitted to an alien race famous for literal honesty.,Gordon R. Dickson,George Lefferts,single,Lulungomeena,,plotspot,"scifimike, wikipedia, otr",comprehensive_by_date;master_episode_list_rebuilt;reconciled_report,True
55,1956-06-05,broadcast,original,51,,Project Mastodon,Entrepreneurs attempt to establish a private nation in the prehistoric past and discover that exploiting history is more dangerous than expected.,Clifford D. Simak,Ernest Kinoy,single,Project Mastodon,,plotspot,"scifimike, wikipedia, genericradio, otr",comprehensive_by_date;master_episode_list_rebuilt;reconciled_report,False
56,1956-06-12,broadcast,original,52,,If You Was a Moklin,Native Moklins imitate humans so enthusiastically that their mimicry becomes a lethal problem.,Murray Leinster,Ernest Kinoy,single,If You Was a Moklin,,plotspot,"scifimike, wikipedia, otr",comprehensive_by_date;master_episode_list_rebuilt;reconciled_report,False
57,1956-06-19,broadcast,original,53,,Project Trojan,British intelligence recruits a science-fiction writer to convince Nazi Germany that Britain possesses an impossible super-weapon.,Ernest Kinoy,,single,,,plotspot,"scifimike, wikipedia, otr",comprehensive_by_date;master_episode_list_rebuilt;reconciled_report,False
58,1956-06-26,broadcast,original,54,,Wherever You May Be,A researcher newly arrived in the Ozarks meets a young woman with extraordinary abilities.,James E. Gunn,Ernest Kinoy,single,Wherever You May Be,,plotspot,"scifimike, wikipedia, genericradio, otr",comprehensive_by_date;master_episode_list_rebuilt;reconciled_report,False
59,1956-07-03,broadcast,original,55,,"Mr. Costello, Hero",A manipulative traveler leaves turmoil behind throughout the colonies before being deposited on an isolated world.,Theodore Sturgeon,George Lefferts,single,"Mr. Costello, Hero",,plotspot,"scifimike, wikipedia, otr",comprehensive_by_date;master_episode_list_rebuilt;reconciled_report,False
60,1956-07-10,broadcast,original,56,,Bad Medicine,A homicidal New York driver buys a computerized therapist that has mistakenly been programmed to treat Martian mental disorders.,Finn O'Donnevan,George Lefferts,single,Bad Medicine,,plotspot,"scifimike, wikipedia, genericradio, otr",comprehensive_by_date;master_episode_list_rebuilt;reconciled_report,False
61,1956-07-17,broadcast,original,57,,The Old Die Rich,Investigators trace a series of starving elderly people found with money in their pockets to a woman exploiting time travel for profit.,H. L. Gold,Ernest Kinoy,single,Old Die Rich [The],,plotspot,"scifimike, wikipedia, otr",comprehensive_by_date;master_episode_list_rebuilt;reconciled_report,False
62,1956-07-24,broadcast,original,58,,The Stars Are the Styx,A coordinator matching couples for interstellar colonization falls in love with one of the people he is supposed to pair with someone else.,Theodore Sturgeon,Ernest Kinoy,single,Stars Are the Styx [The],,plotspot,"scifimike, wikipedia, otr",comprehensive_by_date;master_episode_list_rebuilt;reconciled_report,False
63,1956-07-31,broadcast,original,59,,Student Body,Colonists face alien pests that consume almost anything and rapidly evolve around every attempt to control them.,F. L. Wallace,Ernest Kinoy,single,Student Body,,plotspot,"scifimike, wikipedia, genericradio, otr",comprehensive_by_date;master_episode_list_rebuilt;reconciled_report,False
64,1956-08-07,broadcast,original,60,,The Last Martian,"A reporter hears a confused man claim that he is the last Martian, somehow transported into a human body.",Fredric Brown,George Lefferts,single,Last Martian [The],,plotspot,"scifimike, wikipedia, otr",comprehensive_by_date;master_episode_list_rebuilt;reconciled_report,False
65,1956-08-14,broadcast,original,61,,The Snowball Effect,A sociologist tests his theory of exponential organizational growth on a sewing club with unexpectedly explosive consequences.,Katherine MacLean,Ernest Kinoy,single,Snowball Effect [The],,plotspot,"scifimike, wikipedia, genericradio, otr",comprehensive_by_date;master_episode_list_rebuilt;reconciled_report,False
,1956-08-21,interruption,Probable preemption,,,,,,,,,No episode identified between Aug 14 and Aug 28. Republican National Convention coverage is a plausible cause but not proven by an NBC master log.,,,master_episode_list_rebuilt:Schedule Interruptions,True
66,1956-08-28,broadcast,original,62,,Surface Tension,"Facing Earth’s destruction, a scientist creates a microscopic aquatic civilization whose descendants eventually wonder what lies beyond their world.",James Blish,George Lefferts,single,Surface Tension,,plotspot,"scifimike, wikipedia, otr",comprehensive_by_date;master_episode_list_rebuilt;reconciled_report,False
67,1956-09-04,broadcast,repeat,,39,Tunnel Under the World,One man realizes that his entire city is reliving June 15 over and over while everyone else remains unaware.,Frederik Pohl,George Lefferts,single,Tunnel Under the World,Repeat of 39,plotspot,"scifimike, wikipedia, otr",comprehensive_by_date;master_episode_list_rebuilt;reconciled_report,False
68,1956-09-11,broadcast,original,63,,The Lifeboat Mutiny,Explorers buy an ancient alien lifeboat whose protective programming becomes dangerous because it was designed for another species.,Robert Sheckley,Ernest Kinoy,single,Lifeboat Mutiny [The],,plotspot,"scifimike, wikipedia, genericradio, otr",comprehensive_by_date;master_episode_list_rebuilt;reconciled_report,False
,1956-09-18,interruption,Schedule transition / interruption,,,,,,,,,No episode identified; Tuesday run ended and series resumed Wed Sep 26.,,,master_episode_list_rebuilt:Schedule Interruptions,False
69,1956-09-26,broadcast,original,64,,The Map Makers,"A survey ship becomes lost after a hyperspace accident destroys its navigation system, while an injured crewman begins a mysterious transformation.",Frederik Pohl,Ernest Kinoy,single,Mapmakers [The],,scifimike,"scifimike, wikipedia, otr",comprehensive_by_date;master_episode_list_rebuilt;reconciled_report,False
70,1956-10-03,broadcast,original,65,,Protective Mimicry,A treasury agent tracks nearly perfect counterfeit credits to a primitive world that appears incapable of producing them.,Algis Budrys,Ernest Kinoy,single,Protective Mimicry,,plotspot,"scifimike, wikipedia, otr",comprehensive_by_date;master_episode_list_rebuilt;reconciled_report,False
71,1956-10-10,broadcast,original,66,,Colony,A promising planet under survey becomes terrifying when apparently ordinary equipment and objects begin attacking the explorers.,Philip K. Dick,Ernest Kinoy,single,Colony,,plotspot,"scifimike, wikipedia, otr",comprehensive_by_date;master_episode_list_rebuilt;reconciled_report,False
72,1956-10-17,broadcast,original,67,,Soldier Boy,"With Earth’s colonies vulnerable to alien attack, one remote world receives only a single soldier for its defense.",Michael Shaara,Ernest Kinoy,single,Soldier Boy,,plotspot,"scifimike, wikipedia, otr",comprehensive_by_date;master_episode_list_rebuilt;reconciled_report,False
73,1956-10-24,broadcast,original,68,,Pictures Don't Lie,Scientists receive video from an approaching alien spacecraft and must decide how to respond before it reaches Earth.,Katherine MacLean,Ernest Kinoy,single,Pictures Don't Lie,,plotspot,"scifimike, wikipedia, otr",comprehensive_by_date;master_episode_list_rebuilt;reconciled_report,False
74,1956-10-31,broadcast,original,69,,"Sam, this Is You",A telephone lineman receives calls from his future self offering advice on how to improve his present life.,Murray Leinster,Ernest Kinoy,single,"Sam, this Is You",,plotspot,"scifimike, wikipedia, otr",comprehensive_by_date;master_episode_list_rebuilt;reconciled_report,False
75,1956-11-07,broadcast,original,70,,Appointment in Tomorrow,A future society has surrendered decision-making to elite Thinkers and the computer on which they depend.,Fritz Leiber,Ernest Kinoy,single,Appointment in Tomorrow,,plotspot,"scifimike, wikipedia, genericradio, otr",comprehensive_by_date;master_episode_list_rebuilt;reconciled_report,False
76,1956-11-14,broadcast,repeat,,18,The Martian Death March,The surviving native Martians flee a reservation and trek toward their ancestral mountains under the leadership of a human religious fanatic.,Ernest Kinoy,,single,,Repeat of 18,plotspot,"scifimike, wikipedia, otr",comprehensive_by_date;master_episode_list_rebuilt;reconciled_report,False
77,1956-11-21,broadcast,original,71,,Chain of Command,"Experiments at a secret laboratory produce intelligent mice, one of which decides to take its grievances directly to Washington.",Steven Arr,George Lefferts,single,Chain of Command,,plotspot,"scifimike, wikipedia, genericradio, otr",comprehensive_by_date;master_episode_list_rebuilt;reconciled_report,False
78,1956-11-28,broadcast,repeat,72,19,The Castaways,A repeat production about islanders resisting relocation for a nuclear test by threatening a mass suicide and curse.,Ernest Kinoy,,single,There Will Come Soft Rains,,plotspot,"scifimike, wikipedia, otr",comprehensive_by_date;master_episode_list_rebuilt;reconciled_report,False
79,1956-12-05,broadcast,repeat,,26,Zero Hour,Children across the country play a game called Invasion and eagerly await a five-o’clock Zero Hour that may be more than make-believe.,Ray Bradbury,George Lefferts,Double Feature,Zero Hour,Double Feature - Repeat of 26,scifimike segments,"scifimike, wikipedia, otr",comprehensive_by_date;master_episode_list_rebuilt;reconciled_report,False
80,1956-12-12,broadcast,original,74,,Hostess,A housewife hosts an alien psychologist studying human domestic life while her husband suspects the visitor has a more threatening purpose.,Isaac Asimov,Ernest Kinoy,single,Hostess,,plotspot,"scifimike, wikipedia, genericradio, otr",comprehensive_by_date;master_episode_list_rebuilt;reconciled_report,False
81,1956-12-19,broadcast,original,75,,The Reluctant Heroes,Personnel at a remote lunar base clash over whose turn it is to return to Earth after a long tour.,Frank M. Robinson,Ernest Kinoy,single,Reluctant Heroes [The],,plotspot,"scifimike, wikipedia, otr",comprehensive_by_date;master_episode_list_rebuilt;reconciled_report,False
82,1956-12-26,broadcast,original,76,,Honeymoon in Hell,"With nuclear war looming and male births declining, a supercomputer sends a fertile couple to the Moon in hopes of conceiving a son.",Fredric Brown,George Lefferts,single,Honeymoon in Hell,,plotspot,"scifimike, wikipedia, otr",comprehensive_by_date;master_episode_list_rebuilt;reconciled_report,False
83,1957-01-02,broadcast,original,77,,The Moon Is Green,A woman living in a post-nuclear shelter is tempted to open the windows despite her husband’s warnings about the world outside.,Fritz Leiber,George Lefferts,single,Moon Is Green [The],,plotspot,"scifimike, wikipedia, otr",comprehensive_by_date;master_episode_list_rebuilt;reconciled_report,False
84,1957-01-09,broadcast,original,78,,A Saucer of Loneliness,A lonely woman recounts receiving a message from a flying saucer and the harsh government investigation that followed.,Theodore Sturgeon,George Lefferts,single,Saucer of Loneliness [A],,scifimike,"scifimike, wikipedia, otr",comprehensive_by_date;master_episode_list_rebuilt;reconciled_report,True
85,1957-01-16,broadcast,original,79,,The Girls from Earth,"Two swindlers promise an all-male Mars colony a shipment of beautiful women, only to discover that beauty is relative.",Frank M. Robinson,George Lefferts,single,Girls from Earth [The],,plotspot,"scifimike, wikipedia, otr",comprehensive_by_date;master_episode_list_rebuilt;reconciled_report,False
86,1957-01-23,broadcast,original,79,,Open Warfare,A champion golfer accepts a match against a robot engineered to play a mathematically perfect game.,James E. Gunn,Ernest Kinoy,single,Open Warfare,,plotspot,"scifimike, wikipedia, otr",comprehensive_by_date;master_episode_list_rebuilt;reconciled_report,False
87,1957-01-30,broadcast,original,80,,Caretaker,A rescue mission finds a long-missing explorer alive and fighting to protect native humanoids from predatory alien creatures.,James H. Schmitz,Ernest Kinoy,single,Caretaker,,plotspot,"scifimike, wikipedia, otr",comprehensive_by_date;master_episode_list_rebuilt;reconciled_report,False
88,1957-02-06,broadcast,original,81,,Venus Is a Man's World,A colony voyage to Venus becomes divided by a growing conflict between men and women among the pioneers.,William Tenn,Arthur Small,single,Venus Is a Man's World,,plotspot,"scifimike, wikipedia, genericradio, otr",comprehensive_by_date;master_episode_list_rebuilt;reconciled_report,False
89,1957-02-13,broadcast,original,82,,The Trap,Two drunken hunters testing a new trap become entangled in an alien romantic conflict.,Finn O'Donnevan,Ernest Kinoy,single,Trap,,plotspot,"scifimike, wikipedia, otr",comprehensive_by_date;master_episode_list_rebuilt;reconciled_report,False
90,1957-02-20,broadcast,original,83,,Field Study,An unconventional healer selling placebos somehow produces an extraordinary number of genuine cures.,Peter Phillips,Jack C. Wilson,single,Field Study,,plotspot,"scifimike, wikipedia, otr",comprehensive_by_date;master_episode_list_rebuilt;reconciled_report,False
91,1957-02-27,broadcast,original,84,,Real Gone,"A sculptor becomes wealthy from astonishingly lifelike miniatures, leading a musician friend to investigate how the works are really made.",Ernest Kinoy,,single,,,plotspot,"scifimike, wikipedia, otr",comprehensive_by_date;master_episode_list_rebuilt;reconciled_report,False
92,1957-03-06,broadcast,original,85,,The Seventh Victim,"A future society channels violent instincts into officially sanctioned human hunts, testing whether compassion can survive institutionalized killing.",Robert Sheckley,Ernest Kinoy,single,Seventh Victim,,plotspot,"scifimike, wikipedia, genericradio, otr",comprehensive_by_date;master_episode_list_rebuilt;reconciled_report,False
93,1957-03-13,broadcast,original,86,,The Lights on Precipice Peak,Two men investigate unexplained lights shining from the summit of a Wyoming mountain.,Stephen Tall,Ernest Kinoy,single,Light on Precipice Peak [The],,plotspot,"scifimike, wikipedia, otr",comprehensive_by_date;master_episode_list_rebuilt;reconciled_report,True
94,1957-03-20,broadcast,original,87,,Protection,A man is assigned an alien guardian whose constant protection creates far more trouble than safety.,Robert Sheckley,Ernest Kinoy,single,Protection,,plotspot,"scifimike, wikipedia, genericradio, otr",comprehensive_by_date;master_episode_list_rebuilt;reconciled_report,False
95,1957-03-27,broadcast,original,88,,At the Post,A bookmaker investigating his wife’s catatonia becomes involved with aliens recording humanity’s knowledge before civilization destroys itself.,H. L. Gold,Ernest Kinoy,single,At the Post,,plotspot,"scifimike, wikipedia, otr",comprehensive_by_date;master_episode_list_rebuilt;reconciled_report,False
96,1957-04-03,broadcast,original,89,,Martian Sam,A struggling Los Angeles baseball team signs a Martian player whose eight arms promise a dramatic competitive advantage.,Ernest Kinoy,,single,,,plotspot,"scifimike, wikipedia, otr",comprehensive_by_date;master_episode_list_rebuilt;reconciled_report,False
97,1957-04-10,broadcast,original,90,,Something for Nothing,"A luckless man finds a future wishing machine in his room, backed by technicians prepared to fulfill his every desire.",Robert Sheckley,Ernest Kinoy,single,Something for Nothing,,plotspot,"scifimike, wikipedia, genericradio, otr",comprehensive_by_date;master_episode_list_rebuilt;reconciled_report,False
98,1957-04-17,broadcast,original,91,,The Discovery of Morniel Mathaway,An unsuccessful artist learns from a visitor from the future that his work will eventually be regarded as genius.,William Tenn,Ernest Kinoy,single,Discovery of Morniel Mathaway [The],,plotspot,"scifimike, wikipedia, genericradio, otr",comprehensive_by_date;master_episode_list_rebuilt;reconciled_report,True
99,1957-04-24,broadcast,original,92,,Man's Best Friend,"A computer selects a reclusive man to assassinate and replace the Overlord, but the machine has its own hidden agenda.",Evelyn Smith,Ernest Kinoy,single,Man's Best Friend,,plotspot,"scifimike, wikipedia, genericradio, otr",comprehensive_by_date;master_episode_list_rebuilt;reconciled_report,False
,1957-05-01,interruption,Documented hiatus,,,,,,,,,Beginning of temporary NBC hiatus; X Minus One returned Jun 20.,,,master_episode_list_rebuilt:Schedule Interruptions,False
,1957-05-08,interruption,Documented hiatus,,,,,,,,,Temporary NBC hiatus.,,,master_episode_list_rebuilt:Schedule Interruptions,False
,1957-05-15,interruption,Documented hiatus,,,,,,,,,Temporary NBC hiatus.,,,master_episode_list_rebuilt:Schedule Interruptions,False
,1957-05-22,interruption,Documented hiatus,,,,,,,,,Temporary NBC hiatus.,,,master_episode_list_rebuilt:Schedule Interruptions,False
,1957-05-29,interruption,Documented hiatus,,,,,,,,,Temporary NBC hiatus.,,,master_episode_list_rebuilt:Schedule Interruptions,False
,1957-06-05,interruption,Documented hiatus,,,,,,,,,Temporary NBC hiatus.,,,master_episode_list_rebuilt:Schedule Interruptions,False
,1957-06-12,interruption,Documented hiatus,,,,,,,,,Final week of temporary NBC hiatus before Jun 20 return.,,,master_episode_list_rebuilt:Schedule Interruptions,False
100,1957-06-20,broadcast,original,93,,Inside Story,A reporter on Mars goes undercover in a segregated colony reserved for people considered violently insane.,Richard Wilson,Ernest Kinoy,single,Inside Story,,plotspot,"scifimike, wikipedia, otr",comprehensive_by_date;master_episode_list_rebuilt;reconciled_report,False
101,1957-06-27,broadcast,original,94,,The Category Inventor,"In a highly automated future job market, survival may depend on inventing an entirely new profession.",Arthur Sellings,Ernest Kinoy,single,Category Inventors [The],,plotspot,"scifimike, wikipedia",comprehensive_by_date;master_episode_list_rebuilt;reconciled_report,False
102,1957-07-04,broadcast,repeat,,36,Skulking Permit,"An isolated colony tries to prove it still embodies Earth culture by creating social roles it barely understands, including a town criminal.",Robert Sheckley,Ernest Kinoy,single,Skulking Permit,Repeat of 36,plotspot,"scifimike, wikipedia, otr",comprehensive_by_date;master_episode_list_rebuilt;reconciled_report,False
103,1957-07-11,broadcast,original,95,,Early Model,A first-contact agent’s protective force field makes native inhabitants see him as a supernatural threat that must be destroyed.,Robert Sheckley,Ernest Kinoy,single,Early Model,,plotspot,"scifimike, wikipedia, otr",comprehensive_by_date;master_episode_list_rebuilt;reconciled_report,False
104,1957-07-18,broadcast,original,96,,The Merchant of Venus,"Overcrowded Earth needs settlers for inhospitable Venus, but persuading anyone to move there proves difficult.",A. H. Phelps Jr.,Ernest Kinoy,single,Merchants of Venus [The],,plotspot,"scifimike, wikipedia, otr",comprehensive_by_date;master_episode_list_rebuilt;reconciled_report,True
105,1957-07-25,broadcast,original,97,,The Haunted Corpse,A scientist developing mind transfer resents military oversight and devises a scheme to outmaneuver his protectors.,Frederik Pohl,William Welch,single,Haunted Corpse [The],,plotspot,"scifimike, wikipedia, genericradio, otr",comprehensive_by_date;master_episode_list_rebuilt;reconciled_report,False
106,1957-08-01,broadcast,original,98,,End as a World,"People everywhere appear to know the exact moment their world will end, yet almost no one seems alarmed.",F. L. Wallace,Ernest Kinoy,single,End as a World,,plotspot,"scifimike, wikipedia, otr",comprehensive_by_date;master_episode_list_rebuilt;reconciled_report,False
107,1957-08-08,broadcast,original,99,,The Scapegoat,A man who rescues an apparent mugging victim discovers the old man is actually an alien exile with dangerous qualities.,Richard Maples,Ernest Kinoy,single,Scapegoat [The],,plotspot,"scifimike, wikipedia, otr",comprehensive_by_date;master_episode_list_rebuilt;reconciled_report,False
108,1957-08-15,broadcast,repeat,,88,At the Post,A bookmaker investigating his wife’s catatonia becomes involved with aliens recording humanity’s knowledge before civilization destroys itself.,H. L. Gold,Ernest Kinoy,single,At the Post,Repeat of 88,plotspot,"scifimike, wikipedia",comprehensive_by_date;master_episode_list_rebuilt;reconciled_report,False
109,1957-08-22,broadcast,original,100,,Drop Dead,A survey team encounters a planet whose single native life form is harmless in appearance but invariably lethal.,Clifford D. Simak,Ernest Kinoy,single,Drop Dead,,plotspot,"scifimike, wikipedia, otr",comprehensive_by_date;master_episode_list_rebuilt;reconciled_report,False
110,1957-08-29,broadcast,original,101,,Volpla,A scientist creates intelligent flying creatures that rapidly escape his control.,Wyman Guin,Ernest Kinoy,single,Volpla,,plotspot,"scifimike, wikipedia, otr",comprehensive_by_date;master_episode_list_rebuilt;reconciled_report,False
111,1957-09-05,broadcast,repeat,102,78,Saucer of Loneliness,A repeat production about a lonely woman whose contact with a flying saucer leads to interrogation and isolation.,Theodore Sturgeon,George Lefferts,single,,,plotspot,"scifimike, wikipedia, otr",comprehensive_by_date;master_episode_list_rebuilt;reconciled_report,False
112,1957-09-12,broadcast,repeat,,57,The Old Die Rich,Investigators trace a series of starving elderly people found with money in their pockets to a woman exploiting time travel for profit.,H. L. Gold,Ernest Kinoy,single,Old Die Rich [The],Repeat of 57,plotspot,"scifimike, wikipedia, otr",comprehensive_by_date;master_episode_list_rebuilt;reconciled_report,False
113,1957-09-19,broadcast,original,103,,Tsylana,"In a rigidly conformist society, a statistician investigating petty theft seeks help from an unconventional psychoanalyst with motives of his own.",James E. Gunn,George Lefferts,single,Tsylana,,plotspot,"scifimike, wikipedia, otr",comprehensive_by_date;master_episode_list_rebuilt;reconciled_report,False
114,1957-09-26,broadcast,original,104,,The Native Problem,A marooned explorer welcomes a descending ship until its antiquated crew mistakes him for a hostile native.,Robert Sheckley,William Welch,single,Native Problem [The],,plotspot,"scifimike, wikipedia, otr",comprehensive_by_date;master_episode_list_rebuilt;reconciled_report,False
115,1957-10-03,broadcast,original,105,,A Wind Is Rising,Two men on a storm-lashed alien world ignore native warnings and venture into violent winds to repair a damaged water line.,Finn O'Donnevan,George Lefferts,single,Wind Is Rising [A],,plotspot,"scifimike, wikipedia, otr",comprehensive_by_date;master_episode_list_rebuilt;reconciled_report,False
116,1957-10-10,broadcast,original,106,,Death Wish,"A damaged spaceship hurtles out of the Solar System, leaving its engineer dependent on a computer he believes hates humans.",Ned Lang,William Welch,single,Death Wish,,plotspot,"scifimike, wikipedia, otr",comprehensive_by_date;master_episode_list_rebuilt;reconciled_report,False
117,1957-10-17,broadcast,original,107,,Point of Departure,Ancient Egyptian tablets appear to contain plans for constructing a starship propulsion system.,Vaughn Shelton,Ernest Kinoy,single,Point of Departure,,plotspot,"scifimike, wikipedia, otr",comprehensive_by_date;master_episode_list_rebuilt;reconciled_report,False
118,1957-10-24,broadcast,original,108,,The Light,The first astronauts on the Moon discover something impossible: footprints already present on the lunar surface.,Poul Anderson,William Welch,single,Light [The],,plotspot,"scifimike, wikipedia, otr",comprehensive_by_date;master_episode_list_rebuilt;reconciled_report,False
119,1957-10-31,broadcast,original,109,,Lulu,Three spacers are trapped with a lovesick shipboard computer that refuses to go home until its romantic demands are satisfied.,Clifford D. Simak,George Lefferts,single,Lulu,,plotspot,"scifimike, wikipedia, otr",comprehensive_by_date;master_episode_list_rebuilt;reconciled_report,False
,1957-11-07,interruption,Preemption / network interruption,,,,,,,,,No normal episode identified; contemporary national programming included Eisenhower address.,,,master_episode_list_rebuilt:Schedule Interruptions,False
,1957-11-14,interruption,X Minus One scheduled; title unknown,,,,,,,,,"Contemporary NBC-affiliate newspaper grid lists X Minus One, but no matching title is identified in the principal surviving episode chronologies. Do not treat as a normal gap or invent a title.",,,master_episode_list_rebuilt:Schedule Interruptions,True
120,1957-11-21,broadcast,original,110,,The Coffin Cure,Researchers discover a cure for the common cold and then learn that the treatment may be worse than the illness.,Alan E. Nourse,Ernest Kinoy,single,Coffin Cure [The],,plotspot,"scifimike, wikipedia, genericradio, otr",comprehensive_by_date;master_episode_list_rebuilt;reconciled_report,True
121,1957-11-28,broadcast,original,111,,Shocktroop,A microscopic alien species conquers not planets directly but individual minds and bodies from within.,Daniel F. Galouye,George Lefferts,single,Shocktroop,,plotspot,"scifimike, wikipedia, otr",comprehensive_by_date;master_episode_list_rebuilt;reconciled_report,True
,1957-12-05,interruption,Unresolved no-episode date,,,,,,,,,No identified X Minus One episode in the surviving chronologies. Exact NBC replacement or whether an X Minus One segment aired remains unresolved.,,,master_episode_list_rebuilt:Schedule Interruptions,True
122,1957-12-12,broadcast,repeat,,98,The Haunted Corpse,A scientist developing mind transfer resents military oversight and devises a scheme to outmaneuver his protectors.,Frederik Pohl,William Welch,single,Haunted Corpse [The],Repeat of 98,plotspot,"scifimike, wikipedia, otr",comprehensive_by_date;master_episode_list_rebuilt;reconciled_report,False
123,1957-12-19,broadcast,original,112,,Double Dare,Two human engineers on an alien planet become trapped in an increasingly dangerous contest of one-upmanship.,Robert Silverberg,William Welch,single,Double Dare,,plotspot,"scifimike, wikipedia, otr",comprehensive_by_date;master_episode_list_rebuilt;reconciled_report,False
124,1957-12-26,broadcast,original,113,,Target One,A time traveler attempts to prevent nuclear catastrophe by going into the past to kill Albert Einstein.,Frederik Pohl,George Lefferts,single,Target One,,plotspot,"scifimike, wikipedia, otr",comprehensive_by_date;master_episode_list_rebuilt;reconciled_report,False
125,1958-01-02,broadcast,original,114,,Prime Difference,A frustrated husband commissions an illegal android duplicate to replace him at home while he pursues another relationship.,Alan E. Nourse,George Lefferts,single,Prime Difference,,plotspot,"scifimike, wikipedia, otr",comprehensive_by_date;master_episode_list_rebuilt;reconciled_report,False
126,1958-01-09,broadcast,original,115,,Gray Flannel Armor,A lonely bachelor tries a matchmaking service that engineers supposedly spontaneous encounters to guarantee romantic success.,Finn O'Donnevan,William Welch,single,Gray Flannel Armor,,plotspot,"scifimike, wikipedia, genericradio, otr",comprehensive_by_date;master_episode_list_rebuilt;reconciled_report,True
127,1973-01-27,broadcast,revival,116,,The Iron Chancellor,"A household robot charged with protecting a family pursues health and safety with obsessive, authoritarian devotion.",Robert Silverberg,,single,Iron Chancellor [The],,plotspot,"scifimike, wikipedia, otr",comprehensive_by_date;master_episode_list_rebuilt;reconciled_report,False
