"FullName","Length"
"L:\var\www\otr\otr.db\data\raw\cbsrmt\appearance_manifest.json","3602"
"L:\var\www\otr\otr.db\data\raw\cbsrmt\cast.json","105163"
"L:\var\www\otr\otr.db\data\raw\cbsrmt\genre.json","822"
"L:\var\www\otr\otr.db\data\raw\cbsrmt\writers.json","10586"
"L:\var\www\otr\otr.db\data\raw\cbsrmt\appearance_parts\part-0001.json.part","14093"
"L:\var\www\otr\otr.db\data\raw\cbsrmt\appearance_parts\part-0002.json.part","14290"
"L:\var\www\otr\otr.db\data\raw\cbsrmt\appearance_parts\part-0003.json.part","14303"
"L:\var\www\otr\otr.db\data\raw\cbsrmt\appearance_parts\part-0004.json.part","14285"
"L:\var\www\otr\otr.db\data\raw\cbsrmt\appearance_parts\part-0005.json.part","14355"
"L:\var\www\otr\otr.db\data\raw\cbsrmt\appearance_parts\part-0006.json.part","14702"
"L:\var\www\otr\otr.db\data\raw\cbsrmt\appearance_parts\part-0007.json.part","14551"
"L:\var\www\otr\otr.db\data\raw\cbsrmt\appearance_parts\part-0008.json.part","14440"
"L:\var\www\otr\otr.db\data\raw\cbsrmt\appearance_parts\part-0009.json.part","14508"
"L:\var\www\otr\otr.db\data\raw\cbsrmt\appearance_parts\part-0010.json.part","14651"
"L:\var\www\otr\otr.db\data\raw\cbsrmt\appearance_parts\part-0011.json.part","14521"
"L:\var\www\otr\otr.db\data\raw\cbsrmt\appearance_parts\part-0012.json.part","14354"
"L:\var\www\otr\otr.db\data\raw\cbsrmt\appearance_parts\part-0013.json.part","14573"
"L:\var\www\otr\otr.db\data\raw\cbsrmt\appearance_parts\part-0014.json.part","14491"
"L:\var\www\otr\otr.db\data\raw\cbsrmt\appearance_parts\part-0015.json.part","14498"
"L:\var\www\otr\otr.db\data\raw\cbsrmt\appearance_parts\part-0016.json.part","14487"
"L:\var\www\otr\otr.db\data\raw\cbsrmt\appearance_parts\part-0017.json.part","14493"
"L:\var\www\otr\otr.db\data\raw\cbsrmt\appearance_parts\part-0018.json.part","14497"
"L:\var\www\otr\otr.db\data\raw\cbsrmt\appearance_parts\part-0019.json.part","14507"
"L:\var\www\otr\otr.db\data\raw\cbsrmt\appearance_parts\part-0020.json.part","14492"
"L:\var\www\otr\otr.db\data\raw\cbsrmt\appearance_parts\part-0021.json.part","14493"
"L:\var\www\otr\otr.db\data\raw\cbsrmt\appearance_parts\part-0022.json.part","14479"
"L:\var\www\otr\otr.db\data\raw\cbsrmt\appearance_parts\part-0023.json.part","14490"
"L:\var\www\otr\otr.db\data\raw\cbsrmt\appearance_parts\part-0024.json.part","14501"
"L:\var\www\otr\otr.db\data\raw\cbsrmt\appearance_parts\part-0025.json.part","14486"
"L:\var\www\otr\otr.db\data\raw\cbsrmt\appearance_parts\part-0026.json.part","14522"
"L:\var\www\otr\otr.db\data\raw\cbsrmt\appearance_parts\part-0027.json.part","14695"
"L:\var\www\otr\otr.db\data\raw\cbsrmt\appearance_parts\part-0028.json.part","14707"
"L:\var\www\otr\otr.db\data\raw\cbsrmt\appearance_parts\part-0029.json.part","9358"
"L:\var\www\otr\otr.db\data\raw\cbsrmt\episodes_parts\part-0001.json.part","37062"
"L:\var\www\otr\otr.db\data\raw\cbsrmt\episodes_parts\part-0002.json.part","37151"
"L:\var\www\otr\otr.db\data\raw\cbsrmt\episodes_parts\part-0003.json.part","40464"
"L:\var\www\otr\otr.db\data\raw\cbsrmt\episodes_parts\part-0004.json.part","42069"
"L:\var\www\otr\otr.db\data\raw\cbsrmt\episodes_parts\part-0005.json.part","43162"
"L:\var\www\otr\otr.db\data\raw\cbsrmt\episodes_parts\part-0006.json.part","43663"
"L:\var\www\otr\otr.db\data\raw\cbsrmt\episodes_parts\part-0007.json.part","42140"
"L:\var\www\otr\otr.db\data\raw\cbsrmt\episodes_parts\part-0008.json.part","41634"
"L:\var\www\otr\otr.db\data\raw\cbsrmt\episodes_parts\part-0009.json.part","39051"
"L:\var\www\otr\otr.db\data\raw\cbsrmt\episodes_parts\part-0010.json.part","40198"
"L:\var\www\otr\otr.db\data\raw\cbsrmt\episodes_parts\part-0011.json.part","39640"
"L:\var\www\otr\otr.db\data\raw\cbsrmt\episodes_parts\part-0012.json.part","40283"
"L:\var\www\otr\otr.db\data\raw\cbsrmt\episodes_parts\part-0013.json.part","39323"
"L:\var\www\otr\otr.db\data\raw\cbsrmt\episodes_parts\part-0014.json.part","40832"
"L:\var\www\otr\otr.db\data\raw\cbsrmt\episodes_parts\part-0015.json.part","40829"
"L:\var\www\otr\otr.db\data\raw\cbsrmt\episodes_parts\part-0016.json.part","40447"
"L:\var\www\otr\otr.db\data\raw\cbsrmt\episodes_parts\part-0017.json.part","40132"
"L:\var\www\otr\otr.db\data\raw\cbsrmt\episodes_parts\part-0018.json.part","39635"
"L:\var\www\otr\otr.db\data\raw\cbsrmt\episodes_parts\part-0019.json.part","40079"
"L:\var\www\otr\otr.db\data\raw\cbsrmt\episodes_parts\part-0020.json.part","39503"
"L:\var\www\otr\otr.db\data\raw\cbsrmt\episodes_parts\part-0021.json.part","41604"
"L:\var\www\otr\otr.db\data\raw\cbsrmt\episodes_parts\part-0022.json.part","42216"
"L:\var\www\otr\otr.db\data\raw\cbsrmt\episodes_parts\part-0023.json.part","37371"
"L:\var\www\otr\otr.db\data\raw\cbsrmt\episodes_parts\part-0024.json.part","37559"
"L:\var\www\otr\otr.db\data\raw\cbsrmt\episodes_parts\part-0025.json.part","37283"
"L:\var\www\otr\otr.db\data\raw\cbsrmt\episodes_parts\part-0026.json.part","37252"
"L:\var\www\otr\otr.db\data\raw\cbsrmt\episodes_parts\part-0027.json.part","35922"
"L:\var\www\otr\otr.db\data\raw\cbsrmt\episodes_parts\part-0028.json.part","36823"
"L:\var\www\otr\otr.db\data\raw\cbsrmt\episodes_parts\part-0029.json.part","35501"
"L:\var\www\otr\otr.db\data\raw\cbsrmt\episodes_parts\part-0030.json.part","33307"
"L:\var\www\otr\otr.db\data\raw\cbsrmt\episodes_parts\part-0031.json.part","31212"
"L:\var\www\otr\otr.db\data\raw\cbsrmt\episodes_parts\part-0032.json.part","29170"
"L:\var\www\otr\otr.db\data\raw\cbsrmt\episodes_parts\part-0033.json.part","17532"
"L:\var\www\otr\otr.db\data\raw\cbsrmt\episode_adaptation_parts\part-0001.json.part","16833"
"L:\var\www\otr\otr.db\data\raw\cbsrmt\episode_adaptation_parts\part-0002.json.part","2051"
"L:\var\www\otr\otr.db\data\raw\cbsrmt\episode_genre_parts\part-0001.json.part","15469"
"L:\var\www\otr\otr.db\data\raw\cbsrmt\episode_genre_parts\part-0002.json.part","15649"
"L:\var\www\otr\otr.db\data\raw\cbsrmt\episode_genre_parts\part-0003.json.part","15643"
"L:\var\www\otr\otr.db\data\raw\cbsrmt\episode_genre_parts\part-0004.json.part","15717"
"L:\var\www\otr\otr.db\data\raw\cbsrmt\episode_genre_parts\part-0005.json.part","15858"
"L:\var\www\otr\otr.db\data\raw\cbsrmt\episode_genre_parts\part-0006.json.part","7070"
"L:\var\www\otr\otr.db\data\raw\cbsrmt\episode_writer_parts\part-0001.json.part","12422"
"L:\var\www\otr\otr.db\data\raw\cbsrmt\episode_writer_parts\part-0002.json.part","12546"
"L:\var\www\otr\otr.db\data\raw\cbsrmt\episode_writer_parts\part-0003.json.part","12575"
"L:\var\www\otr\otr.db\data\raw\cbsrmt\episode_writer_parts\part-0004.json.part","12590"
"L:\var\www\otr\otr.db\data\raw\cbsrmt\episode_writer_parts\part-0005.json.part","12827"
"L:\var\www\otr\otr.db\data\raw\cbsrmt\episode_writer_parts\part-0006.json.part","7912"
"L:\var\www\otr\otr.db\data\raw\cbsrmt\fisher_episode_updates_parts\part-0001.json","54825"
"L:\var\www\otr\otr.db\data\raw\cbsrmt\fisher_episode_updates_parts\part-0002.json.part","6204"
